Country,StartYear,EndYear,Years,StartValue(BillionUSD),EndValue(BillionUSD),CAGR(%),TotalGrowth(%)
Taiwan,2013.0,2024.0,11.0,62.82315436819,165.042202,9.177743880366563,162.70919322632386
Korea,2013.0,2024.0,11.0,47.118045374,120.189285084,8.885680944566232,155.08122022039802
China,2013.0,2024.0,11.0,87.880781336,159.747196497,5.583118475063231,81.77716910165911
USA,2013.0,2024.0,11.0,34.544513963,50.634521686,3.5373527788537196,46.5776063320321
